# Speed measurements. The table on the accelerator page is read from here, so
# the numbers on the page are numbers a run produced rather than numbers typed
# in. They come from JitBench and JitParserTest, which ship with the parser
# repository - run them on your own machine rather than trusting this file.
#
# label	without the accelerator, ns	with it, ns	runs
x * 2 + 1	159.0	11.7	2000000
polynomial, degree 3	688.2	20.8	1000000
heavy math chain	1142.0	122.1	500000
loop, 10 000 iterations	3953.1	41.6	200000
bulk mode, x * 2 + 1	876.9	9.4	500000
bulk mode, polynomial	1929.3	14.6	500000
